cluster_id,target_run82_words,primera_raw_words,primera_exact_words,primera_sentence_words,primera_sentence_mismatch_pct,model_id,model_commit
test_00006,371,360,360,360,2.964959568733154,allenai/PRIMERA-multinews,1b507148874734de104f3a5e98a69f384db616fe
test_00015,413,403,403,403,2.4213075060532687,allenai/PRIMERA-multinews,1b507148874734de104f3a5e98a69f384db616fe
test_00027,480,453,453,453,5.625,allenai/PRIMERA-multinews,1b507148874734de104f3a5e98a69f384db616fe
test_00039,345,312,312,312,9.565217391304348,allenai/PRIMERA-multinews,1b507148874734de104f3a5e98a69f384db616fe
test_00046,326,290,290,290,11.042944785276074,allenai/PRIMERA-multinews,1b507148874734de104f3a5e98a69f384db616fe
test_00058,345,303,303,303,12.173913043478262,allenai/PRIMERA-multinews,1b507148874734de104f3a5e98a69f384db616fe
test_00062,305,269,269,269,11.80327868852459,allenai/PRIMERA-multinews,1b507148874734de104f3a5e98a69f384db616fe
test_00067,275,246,246,246,10.545454545454543,allenai/PRIMERA-multinews,1b507148874734de104f3a5e98a69f384db616fe
test_00091,271,224,224,224,17.343173431734318,allenai/PRIMERA-multinews,1b507148874734de104f3a5e98a69f384db616fe
test_00094,204,181,181,181,11.27450980392157,allenai/PRIMERA-multinews,1b507148874734de104f3a5e98a69f384db616fe
test_00096,72,103,72,66,8.333333333333332,allenai/PRIMERA-multinews,1b507148874734de104f3a5e98a69f384db616fe
test_00104,410,390,390,390,4.878048780487805,allenai/PRIMERA-multinews,1b507148874734de104f3a5e98a69f384db616fe
test_00110,239,212,212,212,11.297071129707112,allenai/PRIMERA-multinews,1b507148874734de104f3a5e98a69f384db616fe
test_00112,153,139,139,139,9.15032679738562,allenai/PRIMERA-multinews,1b507148874734de104f3a5e98a69f384db616fe
test_00153,192,163,163,163,15.104166666666666,allenai/PRIMERA-multinews,1b507148874734de104f3a5e98a69f384db616fe
test_00155,345,304,304,304,11.884057971014492,allenai/PRIMERA-multinews,1b507148874734de104f3a5e98a69f384db616fe
test_00210,266,245,245,245,7.894736842105263,allenai/PRIMERA-multinews,1b507148874734de104f3a5e98a69f384db616fe
test_00217,213,204,204,204,4.225352112676056,allenai/PRIMERA-multinews,1b507148874734de104f3a5e98a69f384db616fe
test_00223,170,187,170,155,8.823529411764707,allenai/PRIMERA-multinews,1b507148874734de104f3a5e98a69f384db616fe
test_00226,377,358,358,358,5.039787798408488,allenai/PRIMERA-multinews,1b507148874734de104f3a5e98a69f384db616fe
test_00228,179,171,171,171,4.46927374301676,allenai/PRIMERA-multinews,1b507148874734de104f3a5e98a69f384db616fe
test_00239,224,293,224,217,3.125,allenai/PRIMERA-multinews,1b507148874734de104f3a5e98a69f384db616fe
test_00242,185,191,185,183,1.0810810810810811,allenai/PRIMERA-multinews,1b507148874734de104f3a5e98a69f384db616fe
test_00267,199,167,167,167,16.08040201005025,allenai/PRIMERA-multinews,1b507148874734de104f3a5e98a69f384db616fe
test_00268,513,470,470,470,8.382066276803119,allenai/PRIMERA-multinews,1b507148874734de104f3a5e98a69f384db616fe
test_00279,272,244,244,244,10.294117647058822,allenai/PRIMERA-multinews,1b507148874734de104f3a5e98a69f384db616fe
test_00286,422,418,418,418,0.9478672985781992,allenai/PRIMERA-multinews,1b507148874734de104f3a5e98a69f384db616fe
test_00292,234,209,209,209,10.683760683760685,allenai/PRIMERA-multinews,1b507148874734de104f3a5e98a69f384db616fe
test_00297,262,254,254,254,3.0534351145038165,allenai/PRIMERA-multinews,1b507148874734de104f3a5e98a69f384db616fe
test_00302,322,294,294,294,8.695652173913043,allenai/PRIMERA-multinews,1b507148874734de104f3a5e98a69f384db616fe
test_00314,351,316,316,316,9.971509971509972,allenai/PRIMERA-multinews,1b507148874734de104f3a5e98a69f384db616fe
test_00318,205,176,176,176,14.146341463414632,allenai/PRIMERA-multinews,1b507148874734de104f3a5e98a69f384db616fe
test_00319,378,344,344,344,8.994708994708994,allenai/PRIMERA-multinews,1b507148874734de104f3a5e98a69f384db616fe
test_00328,514,488,488,488,5.058365758754864,allenai/PRIMERA-multinews,1b507148874734de104f3a5e98a69f384db616fe
test_00333,366,317,317,317,13.387978142076504,allenai/PRIMERA-multinews,1b507148874734de104f3a5e98a69f384db616fe
test_00363,161,151,151,151,6.211180124223603,allenai/PRIMERA-multinews,1b507148874734de104f3a5e98a69f384db616fe
test_00367,338,296,296,296,12.42603550295858,allenai/PRIMERA-multinews,1b507148874734de104f3a5e98a69f384db616fe
test_00371,163,239,163,145,11.042944785276074,allenai/PRIMERA-multinews,1b507148874734de104f3a5e98a69f384db616fe
test_00393,280,267,267,267,4.642857142857143,allenai/PRIMERA-multinews,1b507148874734de104f3a5e98a69f384db616fe
test_00398,227,217,217,217,4.405286343612335,allenai/PRIMERA-multinews,1b507148874734de104f3a5e98a69f384db616fe
test_00403,386,317,317,317,17.875647668393782,allenai/PRIMERA-multinews,1b507148874734de104f3a5e98a69f384db616fe
test_00408,304,270,270,270,11.18421052631579,allenai/PRIMERA-multinews,1b507148874734de104f3a5e98a69f384db616fe
test_00418,277,257,257,257,7.220216606498194,allenai/PRIMERA-multinews,1b507148874734de104f3a5e98a69f384db616fe
test_00433,326,335,326,310,4.9079754601227,allenai/PRIMERA-multinews,1b507148874734de104f3a5e98a69f384db616fe
test_00439,255,222,222,222,12.941176470588236,allenai/PRIMERA-multinews,1b507148874734de104f3a5e98a69f384db616fe
test_00461,149,142,142,142,4.697986577181208,allenai/PRIMERA-multinews,1b507148874734de104f3a5e98a69f384db616fe
test_00462,286,285,285,285,0.3496503496503496,allenai/PRIMERA-multinews,1b507148874734de104f3a5e98a69f384db616fe
test_00480,203,199,199,199,1.9704433497536944,allenai/PRIMERA-multinews,1b507148874734de104f3a5e98a69f384db616fe
test_00492,275,240,240,240,12.727272727272728,allenai/PRIMERA-multinews,1b507148874734de104f3a5e98a69f384db616fe
test_00533,376,346,346,346,7.978723404255319,allenai/PRIMERA-multinews,1b507148874734de104f3a5e98a69f384db616fe
test_00535,241,223,223,223,7.468879668049793,allenai/PRIMERA-multinews,1b507148874734de104f3a5e98a69f384db616fe
test_00559,171,131,131,131,23.39181286549708,allenai/PRIMERA-multinews,1b507148874734de104f3a5e98a69f384db616fe
test_00560,411,406,406,406,1.2165450121654502,allenai/PRIMERA-multinews,1b507148874734de104f3a5e98a69f384db616fe
test_00565,397,354,354,354,10.831234256926953,allenai/PRIMERA-multinews,1b507148874734de104f3a5e98a69f384db616fe
test_00568,261,231,231,231,11.494252873563218,allenai/PRIMERA-multinews,1b507148874734de104f3a5e98a69f384db616fe
test_00578,357,314,314,314,12.044817927170868,allenai/PRIMERA-multinews,1b507148874734de104f3a5e98a69f384db616fe
test_00579,240,226,226,226,5.833333333333333,allenai/PRIMERA-multinews,1b507148874734de104f3a5e98a69f384db616fe
test_00590,246,201,201,201,18.29268292682927,allenai/PRIMERA-multinews,1b507148874734de104f3a5e98a69f384db616fe
test_00599,166,176,166,149,10.240963855421686,allenai/PRIMERA-multinews,1b507148874734de104f3a5e98a69f384db616fe
test_00604,204,171,171,171,16.176470588235293,allenai/PRIMERA-multinews,1b507148874734de104f3a5e98a69f384db616fe
test_00621,222,192,192,192,13.513513513513514,allenai/PRIMERA-multinews,1b507148874734de104f3a5e98a69f384db616fe
test_00626,236,240,236,203,13.983050847457626,allenai/PRIMERA-multinews,1b507148874734de104f3a5e98a69f384db616fe
test_00644,238,255,238,232,2.5210084033613445,allenai/PRIMERA-multinews,1b507148874734de104f3a5e98a69f384db616fe
test_00649,339,307,307,307,9.43952802359882,allenai/PRIMERA-multinews,1b507148874734de104f3a5e98a69f384db616fe
test_00658,220,199,199,199,9.545454545454549,allenai/PRIMERA-multinews,1b507148874734de104f3a5e98a69f384db616fe
test_00675,191,184,184,184,3.664921465968586,allenai/PRIMERA-multinews,1b507148874734de104f3a5e98a69f384db616fe
test_00688,153,193,153,141,7.84313725490196,allenai/PRIMERA-multinews,1b507148874734de104f3a5e98a69f384db616fe
test_00694,137,127,127,127,7.2992700729927,allenai/PRIMERA-multinews,1b507148874734de104f3a5e98a69f384db616fe
test_00702,298,275,275,275,7.718120805369128,allenai/PRIMERA-multinews,1b507148874734de104f3a5e98a69f384db616fe
test_00708,210,189,189,189,10.0,allenai/PRIMERA-multinews,1b507148874734de104f3a5e98a69f384db616fe
test_00743,271,265,265,265,2.214022140221402,allenai/PRIMERA-multinews,1b507148874734de104f3a5e98a69f384db616fe
test_00774,365,337,337,337,7.671232876712329,allenai/PRIMERA-multinews,1b507148874734de104f3a5e98a69f384db616fe
test_00780,185,173,173,173,6.486486486486487,allenai/PRIMERA-multinews,1b507148874734de104f3a5e98a69f384db616fe
test_00781,178,175,175,175,1.6853932584269662,allenai/PRIMERA-multinews,1b507148874734de104f3a5e98a69f384db616fe
test_00820,99,98,98,78,21.21212121212121,allenai/PRIMERA-multinews,1b507148874734de104f3a5e98a69f384db616fe
test_00823,282,262,262,262,7.092198581560284,allenai/PRIMERA-multinews,1b507148874734de104f3a5e98a69f384db616fe
test_00838,314,290,290,290,7.643312101910828,allenai/PRIMERA-multinews,1b507148874734de104f3a5e98a69f384db616fe
test_00857,483,441,441,441,8.695652173913043,allenai/PRIMERA-multinews,1b507148874734de104f3a5e98a69f384db616fe
test_00871,94,130,94,76,19.148936170212767,allenai/PRIMERA-multinews,1b507148874734de104f3a5e98a69f384db616fe
test_00881,159,139,139,139,12.57861635220126,allenai/PRIMERA-multinews,1b507148874734de104f3a5e98a69f384db616fe
test_00883,425,397,397,397,6.588235294117648,allenai/PRIMERA-multinews,1b507148874734de104f3a5e98a69f384db616fe
test_00899,115,119,115,112,2.608695652173913,allenai/PRIMERA-multinews,1b507148874734de104f3a5e98a69f384db616fe
test_00910,177,159,159,159,10.16949152542373,allenai/PRIMERA-multinews,1b507148874734de104f3a5e98a69f384db616fe
test_00920,194,199,194,168,13.402061855670103,allenai/PRIMERA-multinews,1b507148874734de104f3a5e98a69f384db616fe
test_00925,288,263,263,263,8.680555555555555,allenai/PRIMERA-multinews,1b507148874734de104f3a5e98a69f384db616fe
test_00926,267,223,223,223,16.479400749063668,allenai/PRIMERA-multinews,1b507148874734de104f3a5e98a69f384db616fe
test_00941,320,294,294,294,8.125,allenai/PRIMERA-multinews,1b507148874734de104f3a5e98a69f384db616fe
test_00956,283,257,257,257,9.187279151943462,allenai/PRIMERA-multinews,1b507148874734de104f3a5e98a69f384db616fe
test_00983,384,330,330,330,14.0625,allenai/PRIMERA-multinews,1b507148874734de104f3a5e98a69f384db616fe
test_00988,199,173,173,173,13.06532663316583,allenai/PRIMERA-multinews,1b507148874734de104f3a5e98a69f384db616fe
test_00991,228,251,228,226,0.8771929824561403,allenai/PRIMERA-multinews,1b507148874734de104f3a5e98a69f384db616fe
test_01007,190,162,162,162,14.736842105263156,allenai/PRIMERA-multinews,1b507148874734de104f3a5e98a69f384db616fe
test_01009,305,275,275,275,9.836065573770492,allenai/PRIMERA-multinews,1b507148874734de104f3a5e98a69f384db616fe
test_01024,281,285,281,259,7.829181494661921,allenai/PRIMERA-multinews,1b507148874734de104f3a5e98a69f384db616fe
test_01031,303,269,269,269,11.22112211221122,allenai/PRIMERA-multinews,1b507148874734de104f3a5e98a69f384db616fe
test_01042,244,204,204,204,16.39344262295082,allenai/PRIMERA-multinews,1b507148874734de104f3a5e98a69f384db616fe
test_01051,331,320,320,320,3.3232628398791544,allenai/PRIMERA-multinews,1b507148874734de104f3a5e98a69f384db616fe
test_01058,195,197,195,187,4.102564102564102,allenai/PRIMERA-multinews,1b507148874734de104f3a5e98a69f384db616fe
test_01074,191,204,191,189,1.0471204188481675,allenai/PRIMERA-multinews,1b507148874734de104f3a5e98a69f384db616fe
test_01078,208,182,182,182,12.5,allenai/PRIMERA-multinews,1b507148874734de104f3a5e98a69f384db616fe
test_01085,290,237,237,237,18.27586206896552,allenai/PRIMERA-multinews,1b507148874734de104f3a5e98a69f384db616fe
test_01090,181,157,157,157,13.259668508287293,allenai/PRIMERA-multinews,1b507148874734de104f3a5e98a69f384db616fe
test_01096,385,336,336,336,12.727272727272728,allenai/PRIMERA-multinews,1b507148874734de104f3a5e98a69f384db616fe
test_01119,280,254,254,254,9.285714285714286,allenai/PRIMERA-multinews,1b507148874734de104f3a5e98a69f384db616fe
test_01135,413,383,383,383,7.263922518159806,allenai/PRIMERA-multinews,1b507148874734de104f3a5e98a69f384db616fe
test_01138,377,354,354,354,6.10079575596817,allenai/PRIMERA-multinews,1b507148874734de104f3a5e98a69f384db616fe
test_01152,263,226,226,226,14.068441064638783,allenai/PRIMERA-multinews,1b507148874734de104f3a5e98a69f384db616fe
test_01180,365,347,347,347,4.931506849315069,allenai/PRIMERA-multinews,1b507148874734de104f3a5e98a69f384db616fe
test_01183,244,200,200,200,18.0327868852459,allenai/PRIMERA-multinews,1b507148874734de104f3a5e98a69f384db616fe
test_01202,350,308,308,308,12.0,allenai/PRIMERA-multinews,1b507148874734de104f3a5e98a69f384db616fe
test_01218,341,341,341,341,0.0,allenai/PRIMERA-multinews,1b507148874734de104f3a5e98a69f384db616fe
test_01249,289,267,267,267,7.612456747404845,allenai/PRIMERA-multinews,1b507148874734de104f3a5e98a69f384db616fe
test_01250,187,172,172,172,8.02139037433155,allenai/PRIMERA-multinews,1b507148874734de104f3a5e98a69f384db616fe
test_01252,310,284,284,284,8.38709677419355,allenai/PRIMERA-multinews,1b507148874734de104f3a5e98a69f384db616fe
test_01253,303,282,282,282,6.930693069306932,allenai/PRIMERA-multinews,1b507148874734de104f3a5e98a69f384db616fe
test_01261,210,184,184,184,12.38095238095238,allenai/PRIMERA-multinews,1b507148874734de104f3a5e98a69f384db616fe
test_01269,330,295,295,295,10.606060606060606,allenai/PRIMERA-multinews,1b507148874734de104f3a5e98a69f384db616fe
test_01273,314,295,295,295,6.050955414012739,allenai/PRIMERA-multinews,1b507148874734de104f3a5e98a69f384db616fe
test_01308,304,257,257,257,15.460526315789474,allenai/PRIMERA-multinews,1b507148874734de104f3a5e98a69f384db616fe
test_01328,358,354,354,354,1.11731843575419,allenai/PRIMERA-multinews,1b507148874734de104f3a5e98a69f384db616fe
test_01335,204,176,176,176,13.725490196078432,allenai/PRIMERA-multinews,1b507148874734de104f3a5e98a69f384db616fe
test_01360,169,163,163,163,3.5502958579881656,allenai/PRIMERA-multinews,1b507148874734de104f3a5e98a69f384db616fe
test_01382,473,440,440,440,6.976744186046512,allenai/PRIMERA-multinews,1b507148874734de104f3a5e98a69f384db616fe
test_01388,144,164,144,122,15.27777777777778,allenai/PRIMERA-multinews,1b507148874734de104f3a5e98a69f384db616fe
test_01391,386,352,352,352,8.808290155440414,allenai/PRIMERA-multinews,1b507148874734de104f3a5e98a69f384db616fe
test_01401,541,478,478,478,11.645101663585953,allenai/PRIMERA-multinews,1b507148874734de104f3a5e98a69f384db616fe
test_01432,226,217,217,217,3.982300884955752,allenai/PRIMERA-multinews,1b507148874734de104f3a5e98a69f384db616fe
test_01458,225,195,195,195,13.333333333333334,allenai/PRIMERA-multinews,1b507148874734de104f3a5e98a69f384db616fe
test_01481,332,287,287,287,13.55421686746988,allenai/PRIMERA-multinews,1b507148874734de104f3a5e98a69f384db616fe
test_01492,339,328,328,328,3.2448377581120944,allenai/PRIMERA-multinews,1b507148874734de104f3a5e98a69f384db616fe
test_01494,231,201,201,201,12.987012987012983,allenai/PRIMERA-multinews,1b507148874734de104f3a5e98a69f384db616fe
test_01503,253,246,246,246,2.766798418972332,allenai/PRIMERA-multinews,1b507148874734de104f3a5e98a69f384db616fe
test_01535,154,148,148,148,3.896103896103896,allenai/PRIMERA-multinews,1b507148874734de104f3a5e98a69f384db616fe
test_01536,644,585,585,585,9.161490683229816,allenai/PRIMERA-multinews,1b507148874734de104f3a5e98a69f384db616fe
test_01537,322,280,280,280,13.043478260869565,allenai/PRIMERA-multinews,1b507148874734de104f3a5e98a69f384db616fe
test_01546,307,227,227,227,26.058631921824105,allenai/PRIMERA-multinews,1b507148874734de104f3a5e98a69f384db616fe
test_01556,205,182,182,182,11.219512195121952,allenai/PRIMERA-multinews,1b507148874734de104f3a5e98a69f384db616fe
test_01559,424,390,390,390,8.018867924528301,allenai/PRIMERA-multinews,1b507148874734de104f3a5e98a69f384db616fe
test_01570,368,342,342,342,7.065217391304348,allenai/PRIMERA-multinews,1b507148874734de104f3a5e98a69f384db616fe
test_01579,335,288,288,288,14.029850746268655,allenai/PRIMERA-multinews,1b507148874734de104f3a5e98a69f384db616fe
test_01582,265,244,244,244,7.924528301886792,allenai/PRIMERA-multinews,1b507148874734de104f3a5e98a69f384db616fe
test_01592,165,156,156,156,5.454545454545454,allenai/PRIMERA-multinews,1b507148874734de104f3a5e98a69f384db616fe
test_01597,193,173,173,173,10.362694300518134,allenai/PRIMERA-multinews,1b507148874734de104f3a5e98a69f384db616fe
test_01601,66,103,66,62,6.0606060606060606,allenai/PRIMERA-multinews,1b507148874734de104f3a5e98a69f384db616fe
test_01606,259,239,239,239,7.722007722007722,allenai/PRIMERA-multinews,1b507148874734de104f3a5e98a69f384db616fe
test_01627,265,236,236,236,10.943396226415096,allenai/PRIMERA-multinews,1b507148874734de104f3a5e98a69f384db616fe
test_01631,207,181,181,181,12.560386473429952,allenai/PRIMERA-multinews,1b507148874734de104f3a5e98a69f384db616fe
test_01650,160,149,149,149,6.875000000000001,allenai/PRIMERA-multinews,1b507148874734de104f3a5e98a69f384db616fe
test_01663,353,319,319,319,9.631728045325778,allenai/PRIMERA-multinews,1b507148874734de104f3a5e98a69f384db616fe
test_01670,307,273,273,273,11.074918566775244,allenai/PRIMERA-multinews,1b507148874734de104f3a5e98a69f384db616fe
test_01674,120,151,120,110,8.333333333333332,allenai/PRIMERA-multinews,1b507148874734de104f3a5e98a69f384db616fe
test_01686,193,173,173,173,10.362694300518134,allenai/PRIMERA-multinews,1b507148874734de104f3a5e98a69f384db616fe
test_01698,235,216,216,216,8.085106382978724,allenai/PRIMERA-multinews,1b507148874734de104f3a5e98a69f384db616fe
test_01702,229,203,203,203,11.353711790393014,allenai/PRIMERA-multinews,1b507148874734de104f3a5e98a69f384db616fe
test_01705,232,214,214,214,7.758620689655173,allenai/PRIMERA-multinews,1b507148874734de104f3a5e98a69f384db616fe
test_01707,265,211,211,211,20.37735849056604,allenai/PRIMERA-multinews,1b507148874734de104f3a5e98a69f384db616fe
test_01716,205,207,205,197,3.902439024390244,allenai/PRIMERA-multinews,1b507148874734de104f3a5e98a69f384db616fe
test_01734,294,263,263,263,10.54421768707483,allenai/PRIMERA-multinews,1b507148874734de104f3a5e98a69f384db616fe
test_01749,150,152,150,126,16.0,allenai/PRIMERA-multinews,1b507148874734de104f3a5e98a69f384db616fe
test_01761,208,219,208,176,15.384615384615383,allenai/PRIMERA-multinews,1b507148874734de104f3a5e98a69f384db616fe
test_01762,158,150,150,150,5.063291139240507,allenai/PRIMERA-multinews,1b507148874734de104f3a5e98a69f384db616fe
test_01764,249,211,211,211,15.261044176706829,allenai/PRIMERA-multinews,1b507148874734de104f3a5e98a69f384db616fe
test_01771,275,273,273,273,0.7272727272727273,allenai/PRIMERA-multinews,1b507148874734de104f3a5e98a69f384db616fe
test_01786,241,209,209,209,13.278008298755188,allenai/PRIMERA-multinews,1b507148874734de104f3a5e98a69f384db616fe
test_01787,329,309,309,309,6.079027355623101,allenai/PRIMERA-multinews,1b507148874734de104f3a5e98a69f384db616fe
test_01799,614,523,523,523,14.82084690553746,allenai/PRIMERA-multinews,1b507148874734de104f3a5e98a69f384db616fe
test_01820,281,250,250,250,11.032028469750893,allenai/PRIMERA-multinews,1b507148874734de104f3a5e98a69f384db616fe
test_01821,199,212,199,180,9.547738693467336,allenai/PRIMERA-multinews,1b507148874734de104f3a5e98a69f384db616fe
test_01843,301,261,261,261,13.2890365448505,allenai/PRIMERA-multinews,1b507148874734de104f3a5e98a69f384db616fe
test_01849,302,280,280,280,7.28476821192053,allenai/PRIMERA-multinews,1b507148874734de104f3a5e98a69f384db616fe
test_01907,276,229,229,229,17.02898550724638,allenai/PRIMERA-multinews,1b507148874734de104f3a5e98a69f384db616fe
test_01937,212,196,196,196,7.547169811320755,allenai/PRIMERA-multinews,1b507148874734de104f3a5e98a69f384db616fe
test_01955,347,349,347,311,10.37463976945245,allenai/PRIMERA-multinews,1b507148874734de104f3a5e98a69f384db616fe
test_01962,161,152,152,152,5.590062111801243,allenai/PRIMERA-multinews,1b507148874734de104f3a5e98a69f384db616fe
test_01965,363,311,311,311,14.325068870523417,allenai/PRIMERA-multinews,1b507148874734de104f3a5e98a69f384db616fe
test_01966,257,226,226,226,12.06225680933852,allenai/PRIMERA-multinews,1b507148874734de104f3a5e98a69f384db616fe
test_01974,277,267,267,267,3.610108303249097,allenai/PRIMERA-multinews,1b507148874734de104f3a5e98a69f384db616fe
test_01990,362,296,296,296,18.23204419889503,allenai/PRIMERA-multinews,1b507148874734de104f3a5e98a69f384db616fe
test_02000,267,226,226,226,15.355805243445692,allenai/PRIMERA-multinews,1b507148874734de104f3a5e98a69f384db616fe
test_02005,370,307,307,307,17.027027027027028,allenai/PRIMERA-multinews,1b507148874734de104f3a5e98a69f384db616fe
test_02023,351,339,339,339,3.418803418803419,allenai/PRIMERA-multinews,1b507148874734de104f3a5e98a69f384db616fe
test_02024,276,246,246,246,10.869565217391305,allenai/PRIMERA-multinews,1b507148874734de104f3a5e98a69f384db616fe
test_02025,253,221,221,221,12.648221343873518,allenai/PRIMERA-multinews,1b507148874734de104f3a5e98a69f384db616fe
test_02058,469,435,435,435,7.249466950959488,allenai/PRIMERA-multinews,1b507148874734de104f3a5e98a69f384db616fe
test_02072,181,164,164,164,9.392265193370166,allenai/PRIMERA-multinews,1b507148874734de104f3a5e98a69f384db616fe
test_02092,323,293,293,293,9.287925696594428,allenai/PRIMERA-multinews,1b507148874734de104f3a5e98a69f384db616fe
test_02097,230,217,217,217,5.652173913043479,allenai/PRIMERA-multinews,1b507148874734de104f3a5e98a69f384db616fe
test_02117,224,217,217,217,3.125,allenai/PRIMERA-multinews,1b507148874734de104f3a5e98a69f384db616fe
test_02130,256,229,229,229,10.546875,allenai/PRIMERA-multinews,1b507148874734de104f3a5e98a69f384db616fe
test_02137,421,404,404,404,4.038004750593824,allenai/PRIMERA-multinews,1b507148874734de104f3a5e98a69f384db616fe
test_02138,184,183,183,183,0.5434782608695652,allenai/PRIMERA-multinews,1b507148874734de104f3a5e98a69f384db616fe
test_02175,211,185,185,185,12.322274881516588,allenai/PRIMERA-multinews,1b507148874734de104f3a5e98a69f384db616fe
test_02180,200,188,188,188,6.0,allenai/PRIMERA-multinews,1b507148874734de104f3a5e98a69f384db616fe
test_02181,287,264,264,264,8.013937282229964,allenai/PRIMERA-multinews,1b507148874734de104f3a5e98a69f384db616fe
test_02218,330,314,314,314,4.848484848484849,allenai/PRIMERA-multinews,1b507148874734de104f3a5e98a69f384db616fe
test_02236,266,223,223,223,16.165413533834585,allenai/PRIMERA-multinews,1b507148874734de104f3a5e98a69f384db616fe
test_02261,178,245,178,170,4.49438202247191,allenai/PRIMERA-multinews,1b507148874734de104f3a5e98a69f384db616fe
test_02263,185,165,165,165,10.81081081081081,allenai/PRIMERA-multinews,1b507148874734de104f3a5e98a69f384db616fe
test_02272,373,329,329,329,11.796246648793565,allenai/PRIMERA-multinews,1b507148874734de104f3a5e98a69f384db616fe
test_02281,350,304,304,304,13.142857142857142,allenai/PRIMERA-multinews,1b507148874734de104f3a5e98a69f384db616fe
test_02287,345,314,314,314,8.985507246376812,allenai/PRIMERA-multinews,1b507148874734de104f3a5e98a69f384db616fe
test_02299,316,269,269,269,14.873417721518988,allenai/PRIMERA-multinews,1b507148874734de104f3a5e98a69f384db616fe
test_02312,274,253,253,253,7.664233576642336,allenai/PRIMERA-multinews,1b507148874734de104f3a5e98a69f384db616fe
test_02321,252,224,224,224,11.11111111111111,allenai/PRIMERA-multinews,1b507148874734de104f3a5e98a69f384db616fe
test_02339,450,426,426,426,5.333333333333334,allenai/PRIMERA-multinews,1b507148874734de104f3a5e98a69f384db616fe
test_02342,261,217,217,217,16.85823754789272,allenai/PRIMERA-multinews,1b507148874734de104f3a5e98a69f384db616fe
test_02343,373,303,303,304,18.49865951742628,allenai/PRIMERA-multinews,1b507148874734de104f3a5e98a69f384db616fe
test_02349,119,111,111,111,6.722689075630252,allenai/PRIMERA-multinews,1b507148874734de104f3a5e98a69f384db616fe
test_02353,253,249,249,249,1.5810276679841897,allenai/PRIMERA-multinews,1b507148874734de104f3a5e98a69f384db616fe
test_02355,138,169,138,131,5.072463768115942,allenai/PRIMERA-multinews,1b507148874734de104f3a5e98a69f384db616fe
test_02359,447,408,408,408,8.724832214765101,allenai/PRIMERA-multinews,1b507148874734de104f3a5e98a69f384db616fe
test_02361,276,241,241,241,12.681159420289855,allenai/PRIMERA-multinews,1b507148874734de104f3a5e98a69f384db616fe
test_02370,513,476,476,476,7.212475633528265,allenai/PRIMERA-multinews,1b507148874734de104f3a5e98a69f384db616fe
test_02387,258,246,246,246,4.651162790697675,allenai/PRIMERA-multinews,1b507148874734de104f3a5e98a69f384db616fe
test_02390,263,258,258,258,1.9011406844106464,allenai/PRIMERA-multinews,1b507148874734de104f3a5e98a69f384db616fe
test_02408,235,205,205,205,12.76595744680851,allenai/PRIMERA-multinews,1b507148874734de104f3a5e98a69f384db616fe
test_02411,314,293,293,293,6.687898089171974,allenai/PRIMERA-multinews,1b507148874734de104f3a5e98a69f384db616fe
test_02426,193,174,174,174,9.844559585492227,allenai/PRIMERA-multinews,1b507148874734de104f3a5e98a69f384db616fe
test_02427,356,322,322,322,9.550561797752808,allenai/PRIMERA-multinews,1b507148874734de104f3a5e98a69f384db616fe
test_02432,152,143,143,143,5.921052631578947,allenai/PRIMERA-multinews,1b507148874734de104f3a5e98a69f384db616fe
test_02460,271,244,244,244,9.96309963099631,allenai/PRIMERA-multinews,1b507148874734de104f3a5e98a69f384db616fe
test_02462,381,349,349,349,8.398950131233596,allenai/PRIMERA-multinews,1b507148874734de104f3a5e98a69f384db616fe
test_02484,217,178,178,178,17.972350230414747,allenai/PRIMERA-multinews,1b507148874734de104f3a5e98a69f384db616fe
test_02498,253,221,221,221,12.648221343873518,allenai/PRIMERA-multinews,1b507148874734de104f3a5e98a69f384db616fe
test_02540,273,224,224,224,17.94871794871795,allenai/PRIMERA-multinews,1b507148874734de104f3a5e98a69f384db616fe
test_02579,165,143,143,143,13.333333333333334,allenai/PRIMERA-multinews,1b507148874734de104f3a5e98a69f384db616fe
test_02601,235,205,205,205,12.76595744680851,allenai/PRIMERA-multinews,1b507148874734de104f3a5e98a69f384db616fe
test_02646,249,209,209,209,16.06425702811245,allenai/PRIMERA-multinews,1b507148874734de104f3a5e98a69f384db616fe
test_02655,227,191,191,191,15.859030837004406,allenai/PRIMERA-multinews,1b507148874734de104f3a5e98a69f384db616fe
test_02659,304,280,280,280,7.894736842105263,allenai/PRIMERA-multinews,1b507148874734de104f3a5e98a69f384db616fe
test_02669,303,280,280,280,7.590759075907591,allenai/PRIMERA-multinews,1b507148874734de104f3a5e98a69f384db616fe
test_02684,279,247,247,247,11.469534050179211,allenai/PRIMERA-multinews,1b507148874734de104f3a5e98a69f384db616fe
test_02689,210,186,186,186,11.428571428571429,allenai/PRIMERA-multinews,1b507148874734de104f3a5e98a69f384db616fe
test_02693,290,284,284,284,2.0689655172413794,allenai/PRIMERA-multinews,1b507148874734de104f3a5e98a69f384db616fe
test_02696,231,215,215,215,6.926406926406926,allenai/PRIMERA-multinews,1b507148874734de104f3a5e98a69f384db616fe
test_02704,486,449,449,449,7.613168724279835,allenai/PRIMERA-multinews,1b507148874734de104f3a5e98a69f384db616fe
test_02705,325,309,309,309,4.923076923076923,allenai/PRIMERA-multinews,1b507148874734de104f3a5e98a69f384db616fe
test_02708,304,280,280,280,7.894736842105263,allenai/PRIMERA-multinews,1b507148874734de104f3a5e98a69f384db616fe
test_02712,432,398,398,398,7.87037037037037,allenai/PRIMERA-multinews,1b507148874734de104f3a5e98a69f384db616fe
test_02713,361,326,326,326,9.695290858725762,allenai/PRIMERA-multinews,1b507148874734de104f3a5e98a69f384db616fe
test_02724,236,205,205,205,13.135593220338984,allenai/PRIMERA-multinews,1b507148874734de104f3a5e98a69f384db616fe
test_02725,188,173,173,173,7.978723404255319,allenai/PRIMERA-multinews,1b507148874734de104f3a5e98a69f384db616fe
test_02726,191,217,191,177,7.329842931937172,allenai/PRIMERA-multinews,1b507148874734de104f3a5e98a69f384db616fe
test_02730,350,342,342,342,2.2857142857142856,allenai/PRIMERA-multinews,1b507148874734de104f3a5e98a69f384db616fe
test_02768,313,288,288,288,7.987220447284344,allenai/PRIMERA-multinews,1b507148874734de104f3a5e98a69f384db616fe
test_02770,248,219,219,220,11.29032258064516,allenai/PRIMERA-multinews,1b507148874734de104f3a5e98a69f384db616fe
test_02771,328,298,298,298,9.146341463414634,allenai/PRIMERA-multinews,1b507148874734de104f3a5e98a69f384db616fe
test_02784,216,201,201,201,6.944444444444445,allenai/PRIMERA-multinews,1b507148874734de104f3a5e98a69f384db616fe
test_02785,350,330,330,330,5.714285714285714,allenai/PRIMERA-multinews,1b507148874734de104f3a5e98a69f384db616fe
test_02787,374,351,351,351,6.149732620320856,allenai/PRIMERA-multinews,1b507148874734de104f3a5e98a69f384db616fe
test_02796,334,294,294,294,11.976047904191615,allenai/PRIMERA-multinews,1b507148874734de104f3a5e98a69f384db616fe
test_02820,277,238,238,238,14.07942238267148,allenai/PRIMERA-multinews,1b507148874734de104f3a5e98a69f384db616fe
test_02824,298,254,254,255,14.429530201342285,allenai/PRIMERA-multinews,1b507148874734de104f3a5e98a69f384db616fe
test_02825,203,178,178,178,12.31527093596059,allenai/PRIMERA-multinews,1b507148874734de104f3a5e98a69f384db616fe
test_02827,374,345,345,345,7.754010695187167,allenai/PRIMERA-multinews,1b507148874734de104f3a5e98a69f384db616fe
test_02839,188,171,171,171,9.042553191489365,allenai/PRIMERA-multinews,1b507148874734de104f3a5e98a69f384db616fe
test_02840,216,202,202,202,6.481481481481481,allenai/PRIMERA-multinews,1b507148874734de104f3a5e98a69f384db616fe
test_02848,345,321,321,321,6.956521739130435,allenai/PRIMERA-multinews,1b507148874734de104f3a5e98a69f384db616fe
test_02851,293,266,266,266,9.215017064846416,allenai/PRIMERA-multinews,1b507148874734de104f3a5e98a69f384db616fe
test_02859,185,151,151,151,18.37837837837838,allenai/PRIMERA-multinews,1b507148874734de104f3a5e98a69f384db616fe
test_02860,351,337,337,337,3.988603988603988,allenai/PRIMERA-multinews,1b507148874734de104f3a5e98a69f384db616fe
test_02893,188,170,170,170,9.574468085106384,allenai/PRIMERA-multinews,1b507148874734de104f3a5e98a69f384db616fe
test_02911,498,467,467,467,6.2248995983935735,allenai/PRIMERA-multinews,1b507148874734de104f3a5e98a69f384db616fe
test_02917,179,187,179,179,0.0,allenai/PRIMERA-multinews,1b507148874734de104f3a5e98a69f384db616fe
test_02918,196,177,177,177,9.693877551020408,allenai/PRIMERA-multinews,1b507148874734de104f3a5e98a69f384db616fe
test_02928,272,252,252,252,7.352941176470589,allenai/PRIMERA-multinews,1b507148874734de104f3a5e98a69f384db616fe
test_02959,420,371,371,371,11.666666666666666,allenai/PRIMERA-multinews,1b507148874734de104f3a5e98a69f384db616fe
test_02985,235,217,217,217,7.659574468085106,allenai/PRIMERA-multinews,1b507148874734de104f3a5e98a69f384db616fe
test_03008,212,201,201,201,5.188679245283019,allenai/PRIMERA-multinews,1b507148874734de104f3a5e98a69f384db616fe
test_03019,320,301,301,301,5.9375,allenai/PRIMERA-multinews,1b507148874734de104f3a5e98a69f384db616fe
test_03028,214,181,181,181,15.42056074766355,allenai/PRIMERA-multinews,1b507148874734de104f3a5e98a69f384db616fe
test_03038,305,282,282,282,7.540983606557377,allenai/PRIMERA-multinews,1b507148874734de104f3a5e98a69f384db616fe
test_03043,164,163,163,163,0.6097560975609756,allenai/PRIMERA-multinews,1b507148874734de104f3a5e98a69f384db616fe
test_03054,363,313,313,313,13.774104683195592,allenai/PRIMERA-multinews,1b507148874734de104f3a5e98a69f384db616fe
test_03058,187,176,176,176,5.88235294117647,allenai/PRIMERA-multinews,1b507148874734de104f3a5e98a69f384db616fe
test_03061,157,168,157,156,0.6369426751592357,allenai/PRIMERA-multinews,1b507148874734de104f3a5e98a69f384db616fe
test_03063,349,315,315,315,9.742120343839542,allenai/PRIMERA-multinews,1b507148874734de104f3a5e98a69f384db616fe
test_03064,315,279,279,279,11.428571428571429,allenai/PRIMERA-multinews,1b507148874734de104f3a5e98a69f384db616fe
test_03066,321,280,280,280,12.77258566978193,allenai/PRIMERA-multinews,1b507148874734de104f3a5e98a69f384db616fe
test_03069,96,140,96,87,9.375,allenai/PRIMERA-multinews,1b507148874734de104f3a5e98a69f384db616fe
test_03077,350,337,337,337,3.7142857142857135,allenai/PRIMERA-multinews,1b507148874734de104f3a5e98a69f384db616fe
test_03083,156,153,153,153,1.9230769230769231,allenai/PRIMERA-multinews,1b507148874734de104f3a5e98a69f384db616fe
test_03085,113,140,113,104,7.964601769911504,allenai/PRIMERA-multinews,1b507148874734de104f3a5e98a69f384db616fe
test_03091,71,94,71,61,14.084507042253522,allenai/PRIMERA-multinews,1b507148874734de104f3a5e98a69f384db616fe
test_03095,225,204,204,204,9.333333333333334,allenai/PRIMERA-multinews,1b507148874734de104f3a5e98a69f384db616fe
test_03096,119,105,105,105,11.76470588235294,allenai/PRIMERA-multinews,1b507148874734de104f3a5e98a69f384db616fe
test_03135,154,203,154,143,7.142857142857142,allenai/PRIMERA-multinews,1b507148874734de104f3a5e98a69f384db616fe
test_03136,337,296,296,296,12.166172106824924,allenai/PRIMERA-multinews,1b507148874734de104f3a5e98a69f384db616fe
test_03143,294,267,267,267,9.183673469387756,allenai/PRIMERA-multinews,1b507148874734de104f3a5e98a69f384db616fe
test_03173,310,273,273,273,11.935483870967742,allenai/PRIMERA-multinews,1b507148874734de104f3a5e98a69f384db616fe
test_03207,317,295,295,295,6.940063091482649,allenai/PRIMERA-multinews,1b507148874734de104f3a5e98a69f384db616fe
test_03244,276,264,264,264,4.3478260869565215,allenai/PRIMERA-multinews,1b507148874734de104f3a5e98a69f384db616fe
test_03249,270,237,237,237,12.22222222222222,allenai/PRIMERA-multinews,1b507148874734de104f3a5e98a69f384db616fe
test_03251,387,350,350,350,9.560723514211883,allenai/PRIMERA-multinews,1b507148874734de104f3a5e98a69f384db616fe
test_03269,341,310,310,310,9.090909090909092,allenai/PRIMERA-multinews,1b507148874734de104f3a5e98a69f384db616fe
test_03272,360,322,322,322,10.555555555555555,allenai/PRIMERA-multinews,1b507148874734de104f3a5e98a69f384db616fe
test_03285,297,289,289,289,2.6936026936026933,allenai/PRIMERA-multinews,1b507148874734de104f3a5e98a69f384db616fe
test_03286,263,236,236,236,10.26615969581749,allenai/PRIMERA-multinews,1b507148874734de104f3a5e98a69f384db616fe
test_03299,254,209,209,209,17.716535433070867,allenai/PRIMERA-multinews,1b507148874734de104f3a5e98a69f384db616fe
test_03306,258,222,222,222,13.953488372093023,allenai/PRIMERA-multinews,1b507148874734de104f3a5e98a69f384db616fe
test_03337,147,135,135,135,8.16326530612245,allenai/PRIMERA-multinews,1b507148874734de104f3a5e98a69f384db616fe
test_03340,286,263,263,263,8.041958041958042,allenai/PRIMERA-multinews,1b507148874734de104f3a5e98a69f384db616fe
test_03376,356,325,325,325,8.707865168539326,allenai/PRIMERA-multinews,1b507148874734de104f3a5e98a69f384db616fe
test_03377,365,347,347,347,4.931506849315069,allenai/PRIMERA-multinews,1b507148874734de104f3a5e98a69f384db616fe
test_03380,366,322,322,322,12.021857923497269,allenai/PRIMERA-multinews,1b507148874734de104f3a5e98a69f384db616fe
test_03381,422,362,362,362,14.218009478672986,allenai/PRIMERA-multinews,1b507148874734de104f3a5e98a69f384db616fe
test_03391,297,275,275,275,7.4074074074074066,allenai/PRIMERA-multinews,1b507148874734de104f3a5e98a69f384db616fe
test_03395,280,247,247,247,11.785714285714285,allenai/PRIMERA-multinews,1b507148874734de104f3a5e98a69f384db616fe
test_03401,240,229,229,229,4.583333333333333,allenai/PRIMERA-multinews,1b507148874734de104f3a5e98a69f384db616fe
test_03405,315,296,296,296,6.031746031746032,allenai/PRIMERA-multinews,1b507148874734de104f3a5e98a69f384db616fe
test_03415,138,111,111,112,18.84057971014493,allenai/PRIMERA-multinews,1b507148874734de104f3a5e98a69f384db616fe
test_03420,191,190,190,190,0.5235602094240838,allenai/PRIMERA-multinews,1b507148874734de104f3a5e98a69f384db616fe
test_03423,378,346,346,346,8.465608465608465,allenai/PRIMERA-multinews,1b507148874734de104f3a5e98a69f384db616fe
test_03429,185,173,173,173,6.486486486486487,allenai/PRIMERA-multinews,1b507148874734de104f3a5e98a69f384db616fe
test_03431,143,172,143,128,10.48951048951049,allenai/PRIMERA-multinews,1b507148874734de104f3a5e98a69f384db616fe
test_03462,250,235,235,235,6.0,allenai/PRIMERA-multinews,1b507148874734de104f3a5e98a69f384db616fe
test_03475,188,169,169,169,10.106382978723405,allenai/PRIMERA-multinews,1b507148874734de104f3a5e98a69f384db616fe
test_03490,176,182,176,174,1.1363636363636365,allenai/PRIMERA-multinews,1b507148874734de104f3a5e98a69f384db616fe
test_03492,126,110,110,110,12.698412698412698,allenai/PRIMERA-multinews,1b507148874734de104f3a5e98a69f384db616fe
test_03530,338,309,309,309,8.579881656804734,allenai/PRIMERA-multinews,1b507148874734de104f3a5e98a69f384db616fe
test_03534,207,180,180,180,13.043478260869565,allenai/PRIMERA-multinews,1b507148874734de104f3a5e98a69f384db616fe
test_03555,237,220,220,220,7.172995780590717,allenai/PRIMERA-multinews,1b507148874734de104f3a5e98a69f384db616fe
test_03568,185,246,185,166,10.27027027027027,allenai/PRIMERA-multinews,1b507148874734de104f3a5e98a69f384db616fe
test_03570,358,320,320,320,10.614525139664805,allenai/PRIMERA-multinews,1b507148874734de104f3a5e98a69f384db616fe
test_03583,265,239,239,239,9.811320754716984,allenai/PRIMERA-multinews,1b507148874734de104f3a5e98a69f384db616fe
test_03609,182,166,166,166,8.791208791208792,allenai/PRIMERA-multinews,1b507148874734de104f3a5e98a69f384db616fe
test_03628,498,455,455,455,8.634538152610443,allenai/PRIMERA-multinews,1b507148874734de104f3a5e98a69f384db616fe
test_03697,402,341,341,341,15.17412935323383,allenai/PRIMERA-multinews,1b507148874734de104f3a5e98a69f384db616fe
test_03707,174,182,174,154,11.494252873563218,allenai/PRIMERA-multinews,1b507148874734de104f3a5e98a69f384db616fe
test_03711,350,319,319,319,8.857142857142856,allenai/PRIMERA-multinews,1b507148874734de104f3a5e98a69f384db616fe
test_03714,332,317,317,317,4.518072289156627,allenai/PRIMERA-multinews,1b507148874734de104f3a5e98a69f384db616fe
test_03722,464,398,398,398,14.224137931034484,allenai/PRIMERA-multinews,1b507148874734de104f3a5e98a69f384db616fe
test_03759,332,305,305,305,8.132530120481928,allenai/PRIMERA-multinews,1b507148874734de104f3a5e98a69f384db616fe
test_03761,400,361,361,361,9.75,allenai/PRIMERA-multinews,1b507148874734de104f3a5e98a69f384db616fe
test_03767,395,345,345,345,12.658227848101266,allenai/PRIMERA-multinews,1b507148874734de104f3a5e98a69f384db616fe
test_03778,170,234,170,160,5.88235294117647,allenai/PRIMERA-multinews,1b507148874734de104f3a5e98a69f384db616fe
test_03786,181,162,162,162,10.497237569060774,allenai/PRIMERA-multinews,1b507148874734de104f3a5e98a69f384db616fe
test_03790,155,191,155,146,5.806451612903226,allenai/PRIMERA-multinews,1b507148874734de104f3a5e98a69f384db616fe
test_03795,129,162,129,120,6.976744186046512,allenai/PRIMERA-multinews,1b507148874734de104f3a5e98a69f384db616fe
test_03799,289,269,269,269,6.920415224913495,allenai/PRIMERA-multinews,1b507148874734de104f3a5e98a69f384db616fe
test_03813,243,223,223,223,8.23045267489712,allenai/PRIMERA-multinews,1b507148874734de104f3a5e98a69f384db616fe
test_03834,380,336,336,336,11.578947368421051,allenai/PRIMERA-multinews,1b507148874734de104f3a5e98a69f384db616fe
test_03840,232,207,207,207,10.775862068965516,allenai/PRIMERA-multinews,1b507148874734de104f3a5e98a69f384db616fe
test_03845,177,153,153,153,13.559322033898304,allenai/PRIMERA-multinews,1b507148874734de104f3a5e98a69f384db616fe
test_03846,198,183,183,183,7.575757575757576,allenai/PRIMERA-multinews,1b507148874734de104f3a5e98a69f384db616fe
test_03847,299,286,286,286,4.3478260869565215,allenai/PRIMERA-multinews,1b507148874734de104f3a5e98a69f384db616fe
test_03849,455,386,386,386,15.164835164835164,allenai/PRIMERA-multinews,1b507148874734de104f3a5e98a69f384db616fe
test_03858,303,293,293,293,3.3003300330033,allenai/PRIMERA-multinews,1b507148874734de104f3a5e98a69f384db616fe
test_03859,483,450,450,450,6.832298136645963,allenai/PRIMERA-multinews,1b507148874734de104f3a5e98a69f384db616fe
test_03861,408,378,378,378,7.352941176470589,allenai/PRIMERA-multinews,1b507148874734de104f3a5e98a69f384db616fe
test_03889,240,224,224,224,6.666666666666667,allenai/PRIMERA-multinews,1b507148874734de104f3a5e98a69f384db616fe
test_03909,575,507,507,507,11.826086956521738,allenai/PRIMERA-multinews,1b507148874734de104f3a5e98a69f384db616fe
test_03910,229,210,210,210,8.296943231441048,allenai/PRIMERA-multinews,1b507148874734de104f3a5e98a69f384db616fe
test_03913,304,270,270,270,11.18421052631579,allenai/PRIMERA-multinews,1b507148874734de104f3a5e98a69f384db616fe
test_03927,291,286,286,286,1.718213058419244,allenai/PRIMERA-multinews,1b507148874734de104f3a5e98a69f384db616fe
test_03976,193,169,169,169,12.43523316062176,allenai/PRIMERA-multinews,1b507148874734de104f3a5e98a69f384db616fe
test_03993,195,199,195,167,14.358974358974358,allenai/PRIMERA-multinews,1b507148874734de104f3a5e98a69f384db616fe
test_03994,470,425,425,425,9.574468085106384,allenai/PRIMERA-multinews,1b507148874734de104f3a5e98a69f384db616fe
test_04014,290,299,290,279,3.793103448275862,allenai/PRIMERA-multinews,1b507148874734de104f3a5e98a69f384db616fe
test_04021,283,258,258,258,8.8339222614841,allenai/PRIMERA-multinews,1b507148874734de104f3a5e98a69f384db616fe
test_04038,326,297,297,297,8.895705521472392,allenai/PRIMERA-multinews,1b507148874734de104f3a5e98a69f384db616fe
test_04043,328,284,284,284,13.414634146341465,allenai/PRIMERA-multinews,1b507148874734de104f3a5e98a69f384db616fe
test_04091,217,201,201,201,7.373271889400922,allenai/PRIMERA-multinews,1b507148874734de104f3a5e98a69f384db616fe
test_04096,346,316,316,316,8.670520231213873,allenai/PRIMERA-multinews,1b507148874734de104f3a5e98a69f384db616fe
test_04118,133,188,133,111,16.541353383458645,allenai/PRIMERA-multinews,1b507148874734de104f3a5e98a69f384db616fe
test_04121,285,261,261,261,8.421052631578947,allenai/PRIMERA-multinews,1b507148874734de104f3a5e98a69f384db616fe
test_04123,142,150,142,127,10.56338028169014,allenai/PRIMERA-multinews,1b507148874734de104f3a5e98a69f384db616fe
test_04131,229,189,189,189,17.46724890829694,allenai/PRIMERA-multinews,1b507148874734de104f3a5e98a69f384db616fe
test_04180,195,175,175,175,10.256410256410255,allenai/PRIMERA-multinews,1b507148874734de104f3a5e98a69f384db616fe
test_04183,329,314,314,314,4.5592705167173255,allenai/PRIMERA-multinews,1b507148874734de104f3a5e98a69f384db616fe
test_04193,491,443,443,443,9.775967413441954,allenai/PRIMERA-multinews,1b507148874734de104f3a5e98a69f384db616fe
test_04194,243,215,215,215,11.522633744855968,allenai/PRIMERA-multinews,1b507148874734de104f3a5e98a69f384db616fe
test_04209,249,237,237,237,4.819277108433735,allenai/PRIMERA-multinews,1b507148874734de104f3a5e98a69f384db616fe
test_04236,188,152,152,152,19.148936170212767,allenai/PRIMERA-multinews,1b507148874734de104f3a5e98a69f384db616fe
test_04238,524,501,501,501,4.3893129770992365,allenai/PRIMERA-multinews,1b507148874734de104f3a5e98a69f384db616fe
test_04253,48,59,48,18,62.5,allenai/PRIMERA-multinews,1b507148874734de104f3a5e98a69f384db616fe
test_04258,378,339,339,339,10.317460317460316,allenai/PRIMERA-multinews,1b507148874734de104f3a5e98a69f384db616fe
test_04260,261,238,238,238,8.812260536398467,allenai/PRIMERA-multinews,1b507148874734de104f3a5e98a69f384db616fe
test_04269,217,203,203,203,6.451612903225806,allenai/PRIMERA-multinews,1b507148874734de104f3a5e98a69f384db616fe
test_04305,282,243,243,243,13.829787234042554,allenai/PRIMERA-multinews,1b507148874734de104f3a5e98a69f384db616fe
test_04312,245,189,189,189,22.857142857142858,allenai/PRIMERA-multinews,1b507148874734de104f3a5e98a69f384db616fe
test_04333,285,233,233,234,17.894736842105264,allenai/PRIMERA-multinews,1b507148874734de104f3a5e98a69f384db616fe
test_04342,233,230,230,230,1.2875536480686696,allenai/PRIMERA-multinews,1b507148874734de104f3a5e98a69f384db616fe
test_04351,301,277,277,277,7.973421926910299,allenai/PRIMERA-multinews,1b507148874734de104f3a5e98a69f384db616fe
test_04352,267,255,255,255,4.49438202247191,allenai/PRIMERA-multinews,1b507148874734de104f3a5e98a69f384db616fe
test_04369,156,143,143,143,8.333333333333332,allenai/PRIMERA-multinews,1b507148874734de104f3a5e98a69f384db616fe
test_04371,311,295,295,295,5.144694533762058,allenai/PRIMERA-multinews,1b507148874734de104f3a5e98a69f384db616fe
test_04385,148,235,148,132,10.81081081081081,allenai/PRIMERA-multinews,1b507148874734de104f3a5e98a69f384db616fe
test_04387,201,170,170,170,15.422885572139302,allenai/PRIMERA-multinews,1b507148874734de104f3a5e98a69f384db616fe
test_04389,239,211,211,211,11.715481171548117,allenai/PRIMERA-multinews,1b507148874734de104f3a5e98a69f384db616fe
test_04407,293,266,266,266,9.215017064846416,allenai/PRIMERA-multinews,1b507148874734de104f3a5e98a69f384db616fe
test_04430,199,173,173,173,13.06532663316583,allenai/PRIMERA-multinews,1b507148874734de104f3a5e98a69f384db616fe
test_04441,344,311,311,311,9.593023255813954,allenai/PRIMERA-multinews,1b507148874734de104f3a5e98a69f384db616fe
test_04451,330,312,312,312,5.454545454545454,allenai/PRIMERA-multinews,1b507148874734de104f3a5e98a69f384db616fe
test_04454,147,146,146,146,0.6802721088435374,allenai/PRIMERA-multinews,1b507148874734de104f3a5e98a69f384db616fe
test_04484,301,244,244,245,18.6046511627907,allenai/PRIMERA-multinews,1b507148874734de104f3a5e98a69f384db616fe
test_04499,278,237,237,237,14.748201438848922,allenai/PRIMERA-multinews,1b507148874734de104f3a5e98a69f384db616fe
test_04508,270,257,257,257,4.814814814814815,allenai/PRIMERA-multinews,1b507148874734de104f3a5e98a69f384db616fe
test_04525,131,118,118,118,9.923664122137405,allenai/PRIMERA-multinews,1b507148874734de104f3a5e98a69f384db616fe
test_04528,217,216,216,216,0.4608294930875576,allenai/PRIMERA-multinews,1b507148874734de104f3a5e98a69f384db616fe
test_04546,193,172,172,172,10.88082901554404,allenai/PRIMERA-multinews,1b507148874734de104f3a5e98a69f384db616fe
test_04557,238,211,211,211,11.344537815126053,allenai/PRIMERA-multinews,1b507148874734de104f3a5e98a69f384db616fe
test_04571,264,243,243,243,7.954545454545454,allenai/PRIMERA-multinews,1b507148874734de104f3a5e98a69f384db616fe
test_04596,252,234,234,234,7.142857142857142,allenai/PRIMERA-multinews,1b507148874734de104f3a5e98a69f384db616fe
test_04604,322,291,291,291,9.627329192546584,allenai/PRIMERA-multinews,1b507148874734de104f3a5e98a69f384db616fe
test_04608,417,355,355,355,14.86810551558753,allenai/PRIMERA-multinews,1b507148874734de104f3a5e98a69f384db616fe
test_04619,290,272,272,272,6.206896551724138,allenai/PRIMERA-multinews,1b507148874734de104f3a5e98a69f384db616fe
test_04620,121,158,121,96,20.66115702479339,allenai/PRIMERA-multinews,1b507148874734de104f3a5e98a69f384db616fe
test_04632,185,188,185,178,3.783783783783784,allenai/PRIMERA-multinews,1b507148874734de104f3a5e98a69f384db616fe
test_04644,366,352,352,352,3.825136612021858,allenai/PRIMERA-multinews,1b507148874734de104f3a5e98a69f384db616fe
test_04646,204,192,192,192,5.88235294117647,allenai/PRIMERA-multinews,1b507148874734de104f3a5e98a69f384db616fe
test_04656,239,208,208,208,12.97071129707113,allenai/PRIMERA-multinews,1b507148874734de104f3a5e98a69f384db616fe
test_04662,315,300,300,300,4.761904761904762,allenai/PRIMERA-multinews,1b507148874734de104f3a5e98a69f384db616fe
test_04679,110,122,110,106,3.636363636363636,allenai/PRIMERA-multinews,1b507148874734de104f3a5e98a69f384db616fe
test_04687,397,358,358,358,9.82367758186398,allenai/PRIMERA-multinews,1b507148874734de104f3a5e98a69f384db616fe
test_04688,188,151,151,151,19.680851063829788,allenai/PRIMERA-multinews,1b507148874734de104f3a5e98a69f384db616fe
test_04698,345,303,303,303,12.173913043478262,allenai/PRIMERA-multinews,1b507148874734de104f3a5e98a69f384db616fe
test_04713,200,187,187,187,6.5,allenai/PRIMERA-multinews,1b507148874734de104f3a5e98a69f384db616fe
test_04722,150,205,150,142,5.333333333333334,allenai/PRIMERA-multinews,1b507148874734de104f3a5e98a69f384db616fe
test_04724,177,191,177,161,9.03954802259887,allenai/PRIMERA-multinews,1b507148874734de104f3a5e98a69f384db616fe
test_04731,416,371,371,371,10.817307692307692,allenai/PRIMERA-multinews,1b507148874734de104f3a5e98a69f384db616fe
test_04739,403,348,348,348,13.647642679900745,allenai/PRIMERA-multinews,1b507148874734de104f3a5e98a69f384db616fe
test_04747,301,249,249,249,17.275747508305646,allenai/PRIMERA-multinews,1b507148874734de104f3a5e98a69f384db616fe
test_04772,459,429,429,429,6.535947712418301,allenai/PRIMERA-multinews,1b507148874734de104f3a5e98a69f384db616fe
test_04773,166,182,166,161,3.0120481927710845,allenai/PRIMERA-multinews,1b507148874734de104f3a5e98a69f384db616fe
test_04782,371,367,367,367,1.078167115902965,allenai/PRIMERA-multinews,1b507148874734de104f3a5e98a69f384db616fe
test_04788,258,234,234,234,9.30232558139535,allenai/PRIMERA-multinews,1b507148874734de104f3a5e98a69f384db616fe
test_04792,392,365,365,365,6.887755102040815,allenai/PRIMERA-multinews,1b507148874734de104f3a5e98a69f384db616fe
test_04819,190,208,190,190,0.0,allenai/PRIMERA-multinews,1b507148874734de104f3a5e98a69f384db616fe
test_04846,367,308,308,308,16.076294277929154,allenai/PRIMERA-multinews,1b507148874734de104f3a5e98a69f384db616fe
test_04849,168,166,166,166,1.1904761904761905,allenai/PRIMERA-multinews,1b507148874734de104f3a5e98a69f384db616fe
test_04883,194,196,194,189,2.5773195876288657,allenai/PRIMERA-multinews,1b507148874734de104f3a5e98a69f384db616fe
test_04904,173,156,156,156,9.826589595375722,allenai/PRIMERA-multinews,1b507148874734de104f3a5e98a69f384db616fe
test_04905,167,140,140,140,16.16766467065868,allenai/PRIMERA-multinews,1b507148874734de104f3a5e98a69f384db616fe
test_04913,260,230,230,230,11.538461538461538,allenai/PRIMERA-multinews,1b507148874734de104f3a5e98a69f384db616fe
test_04921,241,219,219,219,9.12863070539419,allenai/PRIMERA-multinews,1b507148874734de104f3a5e98a69f384db616fe
test_04922,317,253,253,253,20.18927444794953,allenai/PRIMERA-multinews,1b507148874734de104f3a5e98a69f384db616fe
test_04935,149,212,149,131,12.08053691275168,allenai/PRIMERA-multinews,1b507148874734de104f3a5e98a69f384db616fe
test_04936,182,189,182,138,24.17582417582417,allenai/PRIMERA-multinews,1b507148874734de104f3a5e98a69f384db616fe
test_04958,201,188,188,188,6.467661691542288,allenai/PRIMERA-multinews,1b507148874734de104f3a5e98a69f384db616fe
test_04973,184,162,162,162,11.956521739130435,allenai/PRIMERA-multinews,1b507148874734de104f3a5e98a69f384db616fe
test_04975,720,656,656,656,8.88888888888889,allenai/PRIMERA-multinews,1b507148874734de104f3a5e98a69f384db616fe
test_04976,243,225,225,225,7.4074074074074066,allenai/PRIMERA-multinews,1b507148874734de104f3a5e98a69f384db616fe
test_05008,166,150,150,150,9.63855421686747,allenai/PRIMERA-multinews,1b507148874734de104f3a5e98a69f384db616fe
test_05010,228,228,228,228,0.0,allenai/PRIMERA-multinews,1b507148874734de104f3a5e98a69f384db616fe
test_05019,272,239,239,239,12.132352941176473,allenai/PRIMERA-multinews,1b507148874734de104f3a5e98a69f384db616fe
test_05021,280,248,248,248,11.428571428571429,allenai/PRIMERA-multinews,1b507148874734de104f3a5e98a69f384db616fe
test_05039,188,204,188,183,2.6595744680851063,allenai/PRIMERA-multinews,1b507148874734de104f3a5e98a69f384db616fe
test_05061,349,313,313,313,10.31518624641834,allenai/PRIMERA-multinews,1b507148874734de104f3a5e98a69f384db616fe
test_05064,205,183,183,183,10.731707317073171,allenai/PRIMERA-multinews,1b507148874734de104f3a5e98a69f384db616fe
test_05075,200,174,174,174,13.0,allenai/PRIMERA-multinews,1b507148874734de104f3a5e98a69f384db616fe
test_05091,52,70,52,48,7.6923076923076925,allenai/PRIMERA-multinews,1b507148874734de104f3a5e98a69f384db616fe
test_05093,242,233,233,233,3.71900826446281,allenai/PRIMERA-multinews,1b507148874734de104f3a5e98a69f384db616fe
test_05102,437,398,398,398,8.924485125858125,allenai/PRIMERA-multinews,1b507148874734de104f3a5e98a69f384db616fe
test_05131,479,463,463,463,3.340292275574112,allenai/PRIMERA-multinews,1b507148874734de104f3a5e98a69f384db616fe
test_05135,183,166,166,166,9.289617486338798,allenai/PRIMERA-multinews,1b507148874734de104f3a5e98a69f384db616fe
test_05147,301,284,284,284,5.647840531561462,allenai/PRIMERA-multinews,1b507148874734de104f3a5e98a69f384db616fe
test_05164,367,347,347,347,5.449591280653951,allenai/PRIMERA-multinews,1b507148874734de104f3a5e98a69f384db616fe
test_05192,404,364,364,364,9.9009900990099,allenai/PRIMERA-multinews,1b507148874734de104f3a5e98a69f384db616fe
test_05203,408,372,372,372,8.823529411764707,allenai/PRIMERA-multinews,1b507148874734de104f3a5e98a69f384db616fe
test_05238,201,173,173,173,13.930348258706468,allenai/PRIMERA-multinews,1b507148874734de104f3a5e98a69f384db616fe
test_05249,251,224,224,224,10.756972111553784,allenai/PRIMERA-multinews,1b507148874734de104f3a5e98a69f384db616fe
test_05250,218,221,218,197,9.63302752293578,allenai/PRIMERA-multinews,1b507148874734de104f3a5e98a69f384db616fe
test_05254,285,292,285,270,5.263157894736842,allenai/PRIMERA-multinews,1b507148874734de104f3a5e98a69f384db616fe
test_05259,290,258,258,258,11.03448275862069,allenai/PRIMERA-multinews,1b507148874734de104f3a5e98a69f384db616fe
test_05260,281,246,246,246,12.455516014234876,allenai/PRIMERA-multinews,1b507148874734de104f3a5e98a69f384db616fe
test_05283,265,252,252,252,4.905660377358491,allenai/PRIMERA-multinews,1b507148874734de104f3a5e98a69f384db616fe
test_05286,192,186,186,186,3.125,allenai/PRIMERA-multinews,1b507148874734de104f3a5e98a69f384db616fe
test_05290,308,276,276,276,10.38961038961039,allenai/PRIMERA-multinews,1b507148874734de104f3a5e98a69f384db616fe
test_05335,306,293,293,293,4.248366013071895,allenai/PRIMERA-multinews,1b507148874734de104f3a5e98a69f384db616fe
test_05357,270,231,231,231,14.444444444444445,allenai/PRIMERA-multinews,1b507148874734de104f3a5e98a69f384db616fe
test_05365,387,367,367,367,5.167958656330749,allenai/PRIMERA-multinews,1b507148874734de104f3a5e98a69f384db616fe
test_05369,457,414,414,414,9.409190371991247,allenai/PRIMERA-multinews,1b507148874734de104f3a5e98a69f384db616fe
test_05379,893,831,831,831,6.9428891377379625,allenai/PRIMERA-multinews,1b507148874734de104f3a5e98a69f384db616fe
test_05412,324,285,285,285,12.037037037037036,allenai/PRIMERA-multinews,1b507148874734de104f3a5e98a69f384db616fe
test_05416,313,278,278,278,11.182108626198085,allenai/PRIMERA-multinews,1b507148874734de104f3a5e98a69f384db616fe
test_05423,311,283,283,283,9.003215434083602,allenai/PRIMERA-multinews,1b507148874734de104f3a5e98a69f384db616fe
test_05424,272,250,250,250,8.088235294117647,allenai/PRIMERA-multinews,1b507148874734de104f3a5e98a69f384db616fe
test_05447,311,284,284,284,8.681672025723474,allenai/PRIMERA-multinews,1b507148874734de104f3a5e98a69f384db616fe
test_05454,179,189,179,176,1.675977653631285,allenai/PRIMERA-multinews,1b507148874734de104f3a5e98a69f384db616fe
test_05464,293,264,264,264,9.897610921501707,allenai/PRIMERA-multinews,1b507148874734de104f3a5e98a69f384db616fe
test_05481,491,444,444,444,9.572301425661914,allenai/PRIMERA-multinews,1b507148874734de104f3a5e98a69f384db616fe
test_05489,245,219,219,219,10.612244897959185,allenai/PRIMERA-multinews,1b507148874734de104f3a5e98a69f384db616fe
test_05509,385,348,348,348,9.61038961038961,allenai/PRIMERA-multinews,1b507148874734de104f3a5e98a69f384db616fe
test_05511,203,183,183,183,9.852216748768472,allenai/PRIMERA-multinews,1b507148874734de104f3a5e98a69f384db616fe
test_05526,260,251,251,251,3.4615384615384617,allenai/PRIMERA-multinews,1b507148874734de104f3a5e98a69f384db616fe
test_05530,362,330,330,330,8.83977900552486,allenai/PRIMERA-multinews,1b507148874734de104f3a5e98a69f384db616fe
test_05532,173,179,173,151,12.716763005780344,allenai/PRIMERA-multinews,1b507148874734de104f3a5e98a69f384db616fe
test_05538,226,211,211,211,6.637168141592921,allenai/PRIMERA-multinews,1b507148874734de104f3a5e98a69f384db616fe
test_05551,243,217,217,217,10.699588477366255,allenai/PRIMERA-multinews,1b507148874734de104f3a5e98a69f384db616fe
test_05555,255,258,255,242,5.098039215686274,allenai/PRIMERA-multinews,1b507148874734de104f3a5e98a69f384db616fe
test_05561,303,259,259,259,14.521452145214525,allenai/PRIMERA-multinews,1b507148874734de104f3a5e98a69f384db616fe
test_05564,321,293,293,293,8.722741433021806,allenai/PRIMERA-multinews,1b507148874734de104f3a5e98a69f384db616fe
test_05578,281,256,256,256,8.896797153024911,allenai/PRIMERA-multinews,1b507148874734de104f3a5e98a69f384db616fe
test_05580,178,140,140,140,21.34831460674157,allenai/PRIMERA-multinews,1b507148874734de104f3a5e98a69f384db616fe
test_05600,305,297,297,297,2.622950819672131,allenai/PRIMERA-multinews,1b507148874734de104f3a5e98a69f384db616fe
test_05603,144,130,130,130,9.722222222222223,allenai/PRIMERA-multinews,1b507148874734de104f3a5e98a69f384db616fe
test_05605,216,187,187,187,13.425925925925927,allenai/PRIMERA-multinews,1b507148874734de104f3a5e98a69f384db616fe
test_05608,466,402,402,403,13.519313304721033,allenai/PRIMERA-multinews,1b507148874734de104f3a5e98a69f384db616fe
test_05609,182,173,173,173,4.945054945054945,allenai/PRIMERA-multinews,1b507148874734de104f3a5e98a69f384db616fe
