cluster_id,compression_gain
test_00023,0.8800988875154512
test_00030,0.7598425196850394
test_00042,0.8835534213685474
test_00049,0.9281131334293571
test_00064,0.9417960088691796
test_00083,0.19075144508670516
test_00090,0.4788937409024745
test_00104,0.2490842490842491
test_00106,0.7786195286195287
test_00128,0.9178314273612875
test_00141,0.6799485861182519
test_00147,0.9740714157545308
test_00151,0.5819881053525913
test_00170,0.8422018348623853
test_00174,0.0
test_00180,0.9606149957877
test_00187,0.9039337474120083
test_00191,0.5764705882352941
test_00208,0.9021636876763875
test_00215,0.8487858719646799
test_00240,0.8009748172217709
test_00245,0.5715835140997831
test_00252,0.8624641833810889
test_00254,0.6761710794297353
test_00270,0.9399684044233807
test_00287,0.9601029601029601
test_00296,0.7175239755884917
test_00318,0.7976307996051333
test_00320,0.6261437908496732
test_00326,0.8448389217619987
test_00384,0.8261997405966277
test_00426,0.8670248488918737
test_00439,0.8372686662412253
test_00448,0.2749445676274944
test_00449,0.8207607994842038
test_00451,0.780053428317008
test_00455,0.8540051679586563
test_00474,0.7642857142857142
test_00475,0.917377812257564
test_00489,0.7723258096172718
test_00507,0.891835673426937
test_00509,0.6432432432432432
test_00533,0.2684824902723736
test_00539,0.9748796315679297
test_00546,0.7767272727272727
test_00550,0.8505079825834543
test_00562,0.5922330097087378
test_00564,0.0
test_00565,0.7362126245847176
test_00585,0.3123644251626898
test_00591,0.6242821985233797
test_00600,0.8873456790123457
test_00616,0.8695881731784583
test_00617,0.8024408848207475
test_00622,0.8305882352941176
test_00636,0.911612426035503
test_00638,0.5
test_00641,0.861782999308915
test_00657,0.2257383966244726
test_00707,0.7192727272727273
test_00729,0.8405128205128205
test_00734,0.8825347758887172
test_00751,0.0
test_00753,0.591254752851711
test_00762,0.8993919292426755
test_00770,0.9232784431137725
test_00792,0.8588679245283019
test_00793,0.948122866894198
test_00812,0.5926966292134832
test_00818,0.7805771873568483
test_00827,0.4704761904761905
test_00828,0.9025444071051368
test_00839,0.9201722424643922
test_00848,0.8965663416701992
test_00861,0.46696035242290745
test_00875,0.8909329829172142
test_00879,0.9020674646354734
test_00880,0.8977937865826204
test_00916,0.3933333333333333
test_00922,0.8693647540983607
test_00923,0.8689002184996358
test_00966,0.7827715355805244
test_00969,0.9205160216396171
test_00975,0.15437788018433185
test_00977,0.3438202247191011
test_00985,0.5526315789473684
test_00990,0.8758657432072456
test_01005,0.8086532602071907
test_01007,0.7688564476885644
test_01015,0.8570078740157481
test_01030,0.020895522388059695
test_01048,0.9168539325842696
test_01050,0.9050075872534142
test_01053,0.9538866930171278
test_01055,0.856203007518797
test_01057,0.8434579439252337
test_01060,0.6428571428571428
test_01073,0.837122969837587
test_01093,0.7063953488372092
test_01107,0.8156384505021521
test_01113,0.5744089012517386
test_01133,0.45827232796486095
test_01148,0.72
test_01165,0.8489483747609943
test_01192,0.6958333333333333
test_01193,0.8188050930460333
test_01204,0.7861020629750272
test_01210,0.9173646007816862
test_01233,0.8492706645056726
test_01253,0.6847034339229969
test_01281,0.6117969821673526
test_01294,0.9051204819277109
test_01313,0.8940471733433171
test_01322,0.9053129931614939
test_01343,0.5914221218961626
test_01358,0.9550273048506264
test_01368,0.7885548011639185
test_01379,0.6373902132998746
test_01395,0.6340160284951024
test_01401,0.5799689440993789
test_01404,0.4285714285714286
test_01412,0.6215909090909091
test_01417,0.7938299473288186
test_01426,0.9265467845169155
test_01427,0.8395061728395061
test_01463,0.9670267518805498
test_01469,0.6809895833333333
test_01470,0.5881834215167548
test_01483,0.9593379648549244
test_01491,0.8610271903323263
test_01493,0.7081545064377682
test_01495,0.0
test_01496,0.6921921921921922
test_01515,0.7775816416593115
test_01517,0.8415335463258786
test_01523,0.8201396973224679
test_01525,0.9094260136914165
test_01541,0.49851190476190477
test_01548,0.6666666666666667
test_01556,0.908726625111309
test_01571,0.8427773343974461
test_01576,0.737583395107487
test_01604,0.9035699630693476
test_01611,0.8521920668058455
test_01618,0.7825704225352113
test_01622,0.9070993914807303
test_01633,0.8615702479338843
test_01643,0.8917725013804528
test_01661,0.7813248204309657
test_01683,0.4008438818565401
test_01705,0.9357340720221606
test_01720,0.913098555865214
test_01727,0.8835304822565969
test_01735,0.811949069539667
test_01744,0.953125
test_01748,0.954515491100857
test_01753,0.7815482502651113
test_01754,0.7849829351535836
test_01757,0.731958762886598
test_01795,0.8923533778767632
test_01802,0.7814136125654451
test_01803,0.8256457564575646
test_01822,0.827661909989023
test_01837,0.7540620384047267
test_01860,0.47572815533980584
test_01878,0.8447809626825311
test_01891,0.33234421364985167
test_01894,0.9603615376238702
test_01907,0.742296918767507
test_01933,0.2345971563981043
test_01939,0.9213911386374464
test_01941,0.6427444794952681
test_01944,0.7961452928094885
test_01960,0.873743993010048
test_01964,0.774528914879792
test_01965,0.7354227405247813
test_01979,0.5785024154589372
test_01981,0.6138728323699423
test_01983,0.6463414634146342
test_02021,0.7195325542570952
test_02034,0.4203262233375157
test_02048,0.9588325652841782
test_02060,0.9207419898819562
test_02098,0.4313432835820895
test_02101,0.7583479789103691
test_02102,0.5310596833130329
test_02117,0.8317054845980466
test_02124,0.0
test_02125,0.8889382496668148
test_02145,0.8816340782122905
test_02148,0.8218884120171674
test_02150,0.7748397435897436
test_02176,0.8919338159255429
test_02178,0.7157303370786516
test_02189,0.9464285714285714
test_02197,0.8830699774266366
test_02205,0.6053268765133172
test_02215,0.7415730337078652
test_02246,0.891281512605042
test_02251,0.6291208791208791
test_02306,0.541899441340782
test_02308,0.9463013698630137
test_02310,0.5405819295558958
test_02313,0.3031496062992126
test_02317,0.9408349460879182
test_02325,0.6684961580680571
test_02366,0.09701492537313428
test_02370,0.8632
test_02376,0.0
test_02380,0.3303370786516854
test_02392,0.9831902718168812
test_02399,0.9344804765056254
test_02404,0.8330849478390462
test_02412,0.648407643312102
test_02427,0.7335329341317365
test_02444,0.8799149840595112
test_02449,0.8839416058394161
test_02453,0.9536121673003802
test_02456,0.7235939643347051
test_02460,0.4981481481481481
test_02468,0.5432372505543237
test_02469,0.6907216494845361
test_02481,0.5712166172106825
test_02491,0.876967095851216
test_02519,0.9157007376185459
test_02520,0.7299205648720212
test_02524,0.9404832056570418
test_02535,0.9592081583683263
test_02540,0.7101910828025477
test_02557,0.5911504424778762
test_02563,0.48888888888888893
test_02586,0.6003062787136294
test_02591,0.9292452830188679
test_02592,0.3695238095238095
test_02594,0.8627997769102064
test_02599,0.6436314363143631
test_02602,0.7180685358255452
test_02624,0.9568006843455945
test_02629,0.9199739752765127
test_02634,0.9307295504789977
test_02638,0.8974482426576793
test_02642,0.8917388407728182
test_02655,0.8882323978335795
test_02664,0.9453061224489796
test_02699,0.8887225548902196
test_02700,0.8732004429678848
test_02713,0.7661917098445596
test_02725,0.8883610451306413
test_02744,0.7749110320284698
test_02751,0.9005524861878453
test_02765,0.8069432684165961
test_02816,0.9868865229810438
test_02823,0.7950354609929078
test_02828,0.7824
test_02859,0.8251417769376181
test_02862,0.6746302616609784
test_02864,0.8704896907216495
test_02877,0.8661755678330264
test_02881,0.9337368588722523
test_02886,0.7423245614035088
test_02892,0.30938123752495006
test_02904,0.1542416452442159
test_02917,0.8519437551695617
test_02922,0.2644376899696048
test_02923,0.7941176470588236
test_02947,0.7952655150351887
test_02950,0.575139146567718
test_02956,0.9012567324955116
test_02961,0.9408740359897172
test_02963,0.7422680412371134
test_02964,0.3676767676767677
test_02990,0.9761266094420601
test_03027,0.3248811410459588
test_03033,0.6958456973293768
test_03035,0.6427906976744187
test_03043,0.8531781557743957
test_03046,0.7982315112540193
test_03053,0.9114336492890995
test_03054,0.7501720578114246
test_03056,0.7588141025641025
test_03068,0.38524590163934425
test_03086,0.669826224328594
test_03108,0.8276729559748428
test_03117,0.9465065502183406
test_03126,0.3534971644612477
test_03131,0.930181175430844
test_03133,0.9145658263305322
test_03136,0.8654690618762475
test_03152,0.859478568272205
test_03155,0.8473429951690821
test_03170,0.9417350021579629
test_03175,0.9805885262116716
test_03177,0.9117787315212208
test_03179,0.5898876404494382
test_03188,0.34270650263620384
test_03189,0.8803159173754557
test_03207,0.4525043177892919
test_03226,0.48271092669432913
test_03229,0.5940298507462687
test_03235,0.5454545454545454
test_03244,0.8556485355648535
test_03248,0.6425818882466281
test_03250,0.9745458277737863
test_03266,0.0
test_03277,0.7856701667696109
test_03278,0.8163592622293504
test_03281,0.8833333333333333
test_03282,0.9031746031746032
test_03285,0.8774246801485761
test_03297,0.8854314002828855
test_03308,0.16022099447513816
test_03312,0.7306163021868788
test_03321,0.8655523255813954
test_03338,0.7967479674796748
test_03364,0.9
test_03375,0.9444980694980695
test_03382,0.8922305764411027
test_03390,0.7533112582781457
test_03413,0.17763157894736847
test_03439,0.9055299539170507
test_03464,0.9177148846960168
test_03470,0.8693181818181819
test_03485,0.9040034438226432
test_03492,0.0
test_03530,0.9024531024531024
test_03557,0.0
test_03570,0.46726190476190477
test_03571,0.8798561151079136
test_03579,0.9231433506044905
test_03620,0.24713958810068648
test_03627,0.17586206896551726
test_03635,0.5681528662420382
test_03643,0.891042780748663
test_03649,0.42829457364341084
test_03657,0.0
test_03659,0.8408342480790341
test_03669,0.8134765625
test_03670,0.5791245791245792
test_03680,0.7931354359925789
test_03684,0.7614730878186968
test_03699,0.0
test_03723,0.8698924731182796
test_03729,0.9281694803045349
test_03736,0.4326923076923077
test_03772,0.8507194244604317
test_03780,0.8679886685552408
test_03786,0.6328600405679513
test_03793,0.8309776207302709
test_03797,0.9112647651973494
test_03798,0.9188278881778377
test_03801,0.9101703665462055
test_03806,0.12408759124087587
test_03812,0.8743485813549507
test_03816,0.8321443558539656
test_03859,0.46864686468646866
test_03860,0.8837209302325582
test_03865,0.7530784186649384
test_03871,0.6544789762340036
test_03878,0.8881900768693222
test_03883,0.7267206477732793
test_03888,0.8701947079380928
test_03898,0.8190899001109878
test_03919,0.7520107238605898
test_03930,0.881578947368421
test_03935,0.8824065633546034
test_03958,0.5525114155251142
test_03968,0.9192546583850931
test_04025,0.6580152671755726
test_04050,0.4347133757961783
test_04051,0.8303341902313625
test_04055,0.9417659804983749
test_04067,0.8574244415243101
test_04073,0.0
test_04096,0.7301092043681747
test_04100,0.8396118721461188
test_04108,0.7618002195389681
test_04114,0.3643790849673203
test_04128,0.18438177874186557
test_04138,0.0
test_04140,0.838975297346752
test_04141,0.9404561824729892
test_04151,0.36363636363636365
test_04183,0.7520723436322532
test_04218,0.9088937093275488
test_04238,0.48425196850393704
test_04255,0.6198198198198198
test_04266,0.9010266940451745
test_04279,0.6387795275590551
test_04281,0.9358221476510067
test_04286,0.5865758754863813
test_04287,0.7566489361702128
test_04313,0.6856240126382307
test_04324,0.7884940778341794
test_04325,0.9519280205655527
test_04332,0.9450092421441775
test_04334,0.5494071146245059
test_04342,0.8802056555269923
test_04345,0.7253401360544218
test_04350,0.6772093023255814
test_04370,0.4039735099337748
test_04373,0.5441696113074205
test_04396,0.31875
test_04410,0.9183795055108728
test_04440,0.7177083333333334
test_04443,0.6813048933500627
test_04493,0.023201856148491906
test_04495,0.838733986435569
test_04497,0.42121212121212126
test_04518,0.7673024523160763
test_04528,0.8845744680851064
test_04553,0.9106928313976772
test_04569,0.771539206195547
test_04574,0.26050420168067223
test_04588,0.9254709254709255
test_04591,0.6821782178217821
test_04620,0.8917710196779964
test_04627,0.6910994764397906
test_04656,0.9139048991354467
test_04667,0.9151943462897526
test_04686,0.6028202115158636
test_04689,0.6854917234664071
test_04713,0.8808104886769964
test_04714,0.9158588600232649
test_04721,0.782016348773842
test_04724,0.9604645968282332
test_04733,0.9439252336448598
test_04737,0.8007153806847215
test_04745,0.8729216152019003
test_04758,0.8152115693626139
test_04760,0.8772032902467685
test_04776,0.6222222222222222
test_04779,0.8874538745387454
test_04799,0.9171326893746823
test_04852,0.21556886227544914
test_04863,0.6598130841121495
test_04864,0.8940298507462686
test_04882,-0.017857142857142794
test_04897,0.8741784037558685
test_04898,0.936026936026936
test_04907,0.919970304380104
test_04911,0.8510998307952623
test_04913,0.8433734939759037
test_04939,0.8182397959183674
test_04961,0.937984496124031
test_04972,0.7631247375052499
test_04982,0.8642251004912908
test_04986,0.8779661016949153
test_04996,0.0
test_05036,0.8483790523690773
test_05041,0.6745635910224439
test_05055,0.5615212527964206
test_05067,0.7954401519949335
test_05071,0.6378378378378378
test_05108,0.5863247863247864
test_05116,0.6807511737089202
test_05128,0.5569230769230769
test_05132,0.7983074753173484
test_05137,0.21308016877637126
test_05138,0.15011547344110854
test_05141,0.44539249146757676
test_05151,0.7842323651452282
test_05152,0.9108771929824562
test_05171,0.9286314021830395
test_05173,0.8010801080108011
test_05180,0.6831955922865014
test_05191,0.8587196467991169
test_05202,0.6888686131386861
test_05212,0.3503448275862069
test_05217,0.8804123711340206
test_05227,0.21786492374727673
test_05238,0.8929142248268513
test_05241,0.9244938902060915
test_05264,0.12956810631229232
test_05268,0.6295546558704453
test_05290,0.77066269545793
test_05294,0.5153846153846153
test_05301,0.5818815331010453
test_05313,0.9106224279835391
test_05334,0.7968213058419245
test_05348,0.6505494505494506
test_05350,0.6898148148148149
test_05382,0.36401673640167365
test_05390,0.5643105446118193
test_05392,0.8824049513704686
test_05395,0.8450946643717728
test_05396,0.6745362563237773
test_05406,0.8172119487908962
test_05410,0.8405383360522023
test_05418,0.915130674002751
test_05419,0.8224108658743633
test_05420,0.5699774266365689
test_05441,0.42664670658682635
test_05451,0.9811803398501736
test_05467,0.5470085470085471
test_05469,0.802848575712144
test_05489,0.7161066048667439
test_05515,0.933954933954934
test_05516,0.5831202046035806
test_05534,0.7302839116719243
test_05579,0.9237113402061856
